[
    {
        "id":1,
        "filmcover":"img/film1.jpg",
        "filmtitel":"Evil Dead",
        "genre":["Horror"],
        "release_date":"5 April 2013",
        "simple_plot":"Five friends travel to a cabin in the woods, where they unknowingly release flesh-possessing demons.",
        "plot":"Five friends head to a remote cabin, where the discovery of a Book of the Dead leads them to unwittingly summon up demons living in the nearby woods. The evil presence possesses them until only one is left to fight for survival.",
        "trailer":"https://video-http.media-imdb.com/MV5BNjA4MzMxMTg0N15BMTFeQW1wNF5BbWU3MDk3MDgzMzk@.mp4?Expires=1545338853&Signature=qkK3icYSCrfJiydSBpk5Mfmm1XU4E1bPOXgf4Bz2WibMfFLqpiy5NY8K~cXZNwCSlSPMfvs3adz1Fz~jm6tF7J0LHkIOFN8PoRiibdqd~u62X8Q0W~1WhKf2c0-6su2aUCSBAxewe-YZwdr8DlovNIBxBjk1vnscGeuFx8v-fgo_&Key-Pair-Id=APKAILW5I44IHKUN2DYA",
        "reviews":[
            {
                "id":1,
                "score":8,
                "movie_id":1,
                "created_at":"2013-09-18T16:09:50.000Z",
                "updated_at":"2013-09-18T16:09:50.000Z",
                "review_text":null
            },
            {
                "id":2,
                "score":8,
                "movie_id":1,
                "created_at":"2013-09-18T16:09:50.000Z",
                "updated_at":"2013-09-18T16:09:50.000Z",
                "review_text":null
            },{
                "id":3,
                "score":10,
                "movie_id":1,
                "created_at":"2013-09-18T16:09:50.000Z",
                "updated_at":"2013-09-18T16:09:50.000Z",
                "review_text":null
            },
            {
                "id":4,
                "score":7,
                "movie_id":1,
                "created_at":"2013-09-18T16:09:50.000Z",
                "updated_at":"2013-09-18T16:09:50.000Z",
                "review_text":null
            }],
        "directors":[
            {
                "id":3,
                "name":"Sam Raimi",
                "movie_id":1
            }],
        "actors":[
            {
                "id":6,"actor_name":"Bruce Campbell",
                "movie_id":1,
                "character":"Ashley 'Ash' J. Williams",
                "url_character":"http://www.imdb.com/character/ch0003609",
                "url_photo":"http://ia.media-imdb.com/images/M/MV5BOTY2MTg0OTEzOV5BMl5BanBnXkFtZTgwNzQ3NTcwMjE@._V1_SX32_CR0,0,32,44_AL_.jpg",
                "url_profile":"http://www.imdb.com/name/nm0132257"
            },{
                "id":7,
                "actor_name":"Ellen Sandweiss",
                "movie_id":1,
                "character":"Cheryl",
                "url_character":"http://www.imdb.com/character/ch0062116",
                "url_photo":"http://ia.media-imdb.com/images/M/MV5BMTI1MzA4NjQzNF5BMl5BanBnXkFtZTYwODE4MTky._V1_SY44_CR0,0,32,44_AL_.jpg",
                "url_profile":"http://www.imdb.com/name/nm0762445"
            },{
                "id":8,
                "actor_name":"Betsy Baker",
                "movie_id":1,
                "character":"Linda",
                "url_character":"http://www.imdb.com/character/ch0031489",
                "url_photo":"http://ia.media-imdb.com/images/M/MV5BMTUzNzM3MjA3OV5BMl5BanBnXkFtZTcwOTE3ODc1MQ@@._V1_SX32_CR0,0,32,44_AL_.jpg",
                "url_profile":"http://www.imdb.com/name/nm0048260"
            },{
                "id":9,
                "actor_name":"Theresa Tilly",
                "movie_id":1,"character":"Shelly",
                "url_character":"http://www.imdb.com/character/ch0062118",
                "url_photo":"http://ia.media-imdb.com/images/M/MV5BMTAwMTg1NjcxMjheQTJeQWpwZ15BbWU3MDk3MTU1Mzg@._V1_SX32_CR0,0,32,44_AL_.jpg",
                "url_profile":"http://www.imdb.com/name/nm0863462"
            }]
    },
    {
        "id":2,
        "title":"The Shawshank Redemption",
        "plot":"Andy Dufresne is a young and successful banker whose life changes drastically when he is convicted and sentenced to life imprisonment for the murder of his wife and her lover. Set in the 1940's, the film shows how Andy, with the help of his friend Red, the prison entrepreneur, turns out to be a most unconventional prisoner. Written by Martin Lewison",
        "simple_plot":"Two imprisoned men bond over a number of years, finding solace and eventual redemption through acts of common decency.",
        "release_date":"14 October 1994",
        "cover":"https://m.media-amazon.com/images/M/MV5BMDFkYTc0MGEtZmNhMC00ZDIzLWFmNTEtODM1ZmRlYWMwMWFmXkEyXkFqcGdeQXVyMTMxODk2OTU@._V1_.jpg",
        "trailer":"https://video-http.media-imdb.com/MV5BODlhNjU1YjQtOTQyOS00MmY2LWFlZTgtODg1ZjY1N2NjNDMyXkExMV5BbXA0XkFpbWRiLWV0cy10cmFuc2NvZGU@.mp4?Expires=1545339652&Signature=Wt5L9C0~HZ~AQLF5H~D7BAxCOPBQaNxIqxIICEF5apExwauB07M5vax10pne~ZneUA6y6WAWb3Q5djYRKkQ6xTJDSWvJCNeDx8D4fwP3GoUxaADkMPVbsBT2WynXsm8opgvAeL4aLQ14PQ92d5rLSQKPuInpvhbn6LEA5o8dvBE_&Key-Pair-Id=APKAILW5I44IHKUN2DYA",
        "genres":["Crime","Drama"],
        "reviews":[{"id":5,"score":9,"movie_id":2,"created_at":"2013-09-18T16:09:50.000Z","updated_at":"2013-09-18T16:09:50.000Z","review_text":null},{"id":6,"score":9,"movie_id":2,"created_at":"2013-09-18T16:09:50.000Z","updated_at":"2013-09-18T16:09:50.000Z","review_text":null},{"id":7,"score":10,"movie_id":2,"created_at":"2013-09-18T16:09:50.000Z","updated_at":"2013-09-18T16:09:50.000Z","review_text":null},{"id":8,"score":10,"movie_id":2,"created_at":"2013-09-18T16:09:50.000Z","updated_at":"2013-09-18T16:09:50.000Z","review_text":null}],
        "directors":[{"id":4,"name":"Frank Darabont","movie_id":2}],
        "actors":[{"id":10,"actor_name":"Tim Robbins","movie_id":2,"character":"Andy Dufresne","url_character":"http://www.imdb.com/character/ch0001388","url_photo":"http://ia.media-imdb.com/images/M/MV5BMTI1OTYxNzAxOF5BMl5BanBnXkFtZTYwNTE5ODI4._V1_SY44_CR1,0,32,44_AL_.jpg","url_profile":"http://www.imdb.com/name/nm0000209"},{"id":11,"actor_name":"Morgan Freeman","movie_id":2,"character":"Ellis Boyd 'Red' Redding","url_character":"http://www.imdb.com/character/ch0001387","url_photo":"http://ia.media-imdb.com/images/M/MV5BMTc0MDMyMzI2OF5BMl5BanBnXkFtZTcwMzM2OTk1MQ@@._V1_SX32_CR0,0,32,44_AL_.jpg","url_profile":"http://www.imdb.com/name/nm0000151"},{"id":12,"actor_name":"Bob Gunton","movie_id":2,"character":"Warden Norton","url_character":"http://www.imdb.com/character/ch0001391","url_photo":"http://ia.media-imdb.com/images/M/MV5BMTc3MzY0MTQzM15BMl5BanBnXkFtZTcwMTM0ODYxNw@@._V1_SY44_CR11,0,32,44_AL_.jpg","url_profile":"http://www.imdb.com/name/nm0348409"},{"id":13,"actor_name":"William Sadler","movie_id":2,"character":"Heywood","url_character":"http://www.imdb.com/character/ch0001390","url_photo":"http://ia.media-imdb.com/images/M/MV5BMTA1NjU3NDg1MTheQTJeQWpwZ15BbWU2MDI4OTcxMw@@._V1_SY44_CR2,0,32,44_AL_.jpg","url_profile":"http://www.imdb.com/name/nm0006669"},{"id":14,"actor_name":"Clancy Brown","movie_id":2,"character":"Captain Hadley","url_character":"http://www.imdb.com/character/ch0001389","url_photo":"http://ia.media-imdb.com/images/M/MV5BMTUxODY3NjAzMF5BMl5BanBnXkFtZTcwMTQ5MjYwNg@@._V1_SX32_CR0,0,32,44_AL_.jpg","url_profile":"http://www.imdb.com/name/nm0000317"},{"id":15,"actor_name":"Gil Bellows","movie_id":2,"character":"Tommy","url_character":"http://www.imdb.com/character/ch0001392","url_photo":"http://ia.media-imdb.com/images/M/MV5BMjA1MDQxMDU4Nl5BMl5BanBnXkFtZTcwMTA2MTE3Mw@@._V1_SY44_CR11,0,32,44_AL_.jpg","url_profile":"http://www.imdb.com/name/nm0004743"},{"id":16,"actor_name":"Mark Rolston","movie_id":2,"character":"Bogs Diamond","url_character":"http://www.imdb.com/character/ch0028188","url_photo":"http://ia.media-imdb.com/images/M/MV5BMTk2NDc0MTUxNV5BMl5BanBnXkFtZTcwMDUzMjE5Mg@@._V1_SX32_CR0,0,32,44_AL_.jpg","url_profile":"http://www.imdb.com/name/nm0001679"},{"id":17,"actor_name":"James Whitmore","movie_id":2,"character":"Brooks Hatlen","url_character":"http://www.imdb.com/character/ch0001393","url_photo":"http://ia.media-imdb.com/images/M/MV5BMTg5MzkxMTkxOV5BMl5BanBnXkFtZTcwNTEzNTgxMw@@._V1_SY44_CR3,0,32,44_AL_.jpg","url_profile":"http://www.imdb.com/name/nm0926235"},{"id":18,"actor_name":"Jeffrey DeMunn","movie_id":2,"character":"1946 D.A.","url_character":"http://www.imdb.com","url_photo":"http://ia.media-imdb.com/images/M/MV5BMTQ0Mjc3NDA1OV5BMl5BanBnXkFtZTcwMTg3MDEyOA@@._V1_SY44_CR1,0,32,44_AL_.jpg","url_profile":"http://www.imdb.com/name/nm0218810"},{"id":19,"actor_name":"Larry Brandenburg","movie_id":2,"character":"Skeet","url_character":"http://www.imdb.com/character/ch0455157","url_photo":"http://ia.media-imdb.com/images/M/MV5BMjI0Mzc0MzY5Ml5BMl5BanBnXkFtZTcwNDA1NTU4Nw@@._V1_SY44_CR3,0,32,44_AL_.jpg","url_profile":"http://www.imdb.com/name/nm0104594"},{"id":20,"actor_name":"Neil Giuntoli","movie_id":2,"character":"Jigger","url_character":"http://www.imdb.com","url_photo":"http://ia.media-imdb.com/images/M/MV5BMjI0OTUxNjIyNF5BMl5BanBnXkFtZTcwNDE0MDcwOA@@._V1_SY44_CR0,0,32,44_AL_.jpg","url_profile":"http://www.imdb.com/name/nm0321358"},{"id":21,"actor_name":"Brian Libby","movie_id":2,"character":"Floyd","url_character":"http://www.imdb.com/character/ch0001394","url_photo":"http://ia.media-imdb.com/images/M/MV5BMjI2NDYwNzU0NV5BMl5BanBnXkFtZTcwMjYwMTcwOA@@._V1_SX32_CR0,0,32,44_AL_.jpg","url_profile":"http://www.imdb.com/name/nm0508742"},{"id":22,"actor_name":"David Proval","movie_id":2,"character":"Snooze","url_character":"http://www.imdb.com","url_photo":"http://ia.media-imdb.com/images/M/MV5BMjAxNjc4NDg2MF5BMl5BanBnXkFtZTcwNTA1NzE3MQ@@._V1_SY44_CR1,0,32,44_AL_.jpg","url_profile":"http://www.imdb.com/name/nm0698998"},{"id":23,"actor_name":"Joseph Ragno","movie_id":2,"character":"Ernie","url_character":"http://www.imdb.com","url_photo":"http://ia.media-imdb.com/images/M/MV5BMTQyNzMyNTUwNV5BMl5BanBnXkFtZTcwNjQ2MTcwOA@@._V1_SX32_CR0,0,32,44_AL_.jpg","url_profile":"http://www.imdb.com/name/nm0706554"},{"id":24,"actor_name":"Jude Ciccolella","movie_id":2,"character":"Guard Mert","url_character":"http://www.imdb.com","url_photo":"http://ia.media-imdb.com/images/M/MV5BMTY4NTExMTg3M15BMl5BanBnXkFtZTgwNTQ0ODAyMTE@._V1_SY44_CR1,0,32,44_AL_.jpg","url_profile":"http://www.imdb.com/name/nm0161980"}]
    },
    {
        "id":3,
        "title":"The Godfather",
        "plot":"The story begins as Don Vito Corleone, the head of a New York Mafia family, oversees his daughter's wedding with his wife Carmela. His beloved son Michael has just come home from the war, but does not intend to become part of his father's business. Through Michael's life the nature of the family business becomes clear. The business of the family is just like the head of the family, kind and benevolent to those who give respect, but given to ruthless violence whenever anything stands against the good of the family. Don Vito lives his life in the way of the old country, but times are changing and some don't want to follow the old ways and look out for community and family. An up and coming rival of the Corleone family wants to start selling drugs in New York, and needs the Don's influence to further his plan. The clash of the Don's fading old world values and the new ways will demand a terrible price, especially from Michael, all for the sake of the family.",
        "simple_plot":"The aging patriarch of an organized crime dynasty transfers control of his clandestine empire to his reluctant son.",
        "release_date":"24 March 1972",
        "cover":"https://m.media-amazon.com/images/M/MV5BM2MyNjYxNmUtYTAwNi00MTYxLWJmNWYtYzZlODY3ZTk3OTFlXkEyXkFqcGdeQXVyNzkwMjQ5NzM@._V1_SY1000_CR0,0,704,1000_AL_.jpg",
        "trailer":"https://video-http.media-imdb.com/MV5BMTQyOTIwMDIxNV5BMTFeQW1wNF5BbWU3MDE1MTA4NDc@.mp4?Expires=1545339714&Signature=VjmuXI7VecR1jBnc~ll08fdjJxjK7qZugyarWuqgb~fPKXdN2byrMdkU-V6FkBT4~iKvYe5QrMaqkQzA0tonto6p5QtH~tDy1LpJs~mV8OnMaaDyV7qkGkJp0w7OlvhB9Vi4PhzDXqw7-IipRpwNJH00BUYb50lxFdmdSoZCb~0_&Key-Pair-Id=APKAILW5I44IHKUN2DYA",
        "genres":["Crime","Drama"],
        "reviews":[{"id":9,"score":9,"movie_id":3,"created_at":"2013-09-18T16:09:50.000Z","updated_at":"2013-09-18T16:09:50.000Z","review_text":null},{"id":10,"score":9,"movie_id":3,"created_at":"2013-09-18T16:09:50.000Z","updated_at":"2013-09-18T16:09:50.000Z","review_text":null},{"id":11,"score":10,"movie_id":3,"created_at":"2013-09-18T16:09:50.000Z","updated_at":"2013-09-18T16:09:50.000Z","review_text":null},{"id":12,"score":9,"movie_id":3,"created_at":"2013-09-18T16:09:50.000Z","updated_at":"2013-09-18T16:09:50.000Z","review_text":null}],
        "directors":[{"id":5,"name":"Francis Ford Coppola","movie_id":3}],
        "actors":[{"id":25,"actor_name":"Marlon Brando","movie_id":3,"character":"Don Vito Corleone","url_character":"http://www.imdb.com/character/ch0000791","url_photo":"http://ia.media-imdb.com/images/M/MV5BMTg3MDYyMDE5OF5BMl5BanBnXkFtZTcwNjgyNTEzNA@@._V1_SY44_CR12,0,32,44_AL_.jpg","url_profile":"http://www.imdb.com/name/nm0000008"},{"id":26,"actor_name":"Al Pacino","movie_id":3,"character":"Michael Corleone","url_character":"http://www.imdb.com/character/ch0000790","url_photo":"http://ia.media-imdb.com/images/M/MV5BMTQzMzg1ODAyNl5BMl5BanBnXkFtZTYwMjAxODQ1._V1_SX32_CR0,0,32,44_AL_.jpg","url_profile":"http://www.imdb.com/name/nm0000199"},{"id":27,"actor_name":"James Caan","movie_id":3,"character":"Sonny Corleone","url_character":"http://www.imdb.com/character/ch0262983","url_photo":"http://ia.media-imdb.com/images/M/MV5BMTI5NjkyNDQ3NV5BMl5BanBnXkFtZTcwNjY5NTQ0Mw@@._V1_SX32_CR0,0,32,44_AL_.jpg","url_profile":"http://www.imdb.com/name/nm0001001"},{"id":28,"actor_name":"Richard S. Castellano","movie_id":3,"character":"Clemenza","url_character":"http://www.imdb.com/character/ch0000812","url_photo":"http://ia.media-imdb.com/images/M/MV5BMjI2MzA3MjQ5N15BMl5BanBnXkFtZTcwMzY5NDYwOA@@._V1_SX32_CR0,0,32,44_AL_.jpg","url_profile":"http://www.imdb.com/name/nm0144710"},{"id":29,"actor_name":"Robert Duvall","movie_id":3,"character":"Tom Hagen","url_character":"http://www.imdb.com/character/ch0000792","url_photo":"http://ia.media-imdb.com/images/M/MV5BMjk1MjA2Mjc2MF5BMl5BanBnXkFtZTcwOTE4MTUwMg@@._V1_SX32_CR0,0,32,44_AL_.jpg","url_profile":"http://www.imdb.com/name/nm0000380"},{"id":30,"actor_name":"Sterling Hayden","movie_id":3,"character":"Capt. McCluskey","url_character":"http://www.imdb.com/character/ch0000808","url_photo":"http://ia.media-imdb.com/images/M/MV5BMjE0MTk1NjkzN15BMl5BanBnXkFtZTcwMzA1MjE1Mg@@._V1_SX32_CR0,0,32,44_AL_.jpg","url_profile":"http://www.imdb.com/name/nm0001330"},{"id":31,"actor_name":"John Marley","movie_id":3,"character":"Jack Woltz","url_character":"http://www.imdb.com/character/ch0000817","url_photo":"http://ia.media-imdb.com/images/M/MV5BMjk0NjY1MjAyMl5BMl5BanBnXkFtZTcwNzY5NDYwOA@@._V1_SY44_CR1,0,32,44_AL_.jpg","url_profile":"http://www.imdb.com/name/nm0549134"},{"id":32,"actor_name":"Richard Conte","movie_id":3,"character":"Barzini","url_character":"http://www.imdb.com/character/ch0284602","url_photo":"http://ia.media-imdb.com/images/M/MV5BNzE0MzU0MzY3OF5BMl5BanBnXkFtZTcwMjE2MjYwOA@@._V1_SY44_CR1,0,32,44_AL_.jpg","url_profile":"http://www.imdb.com/name/nm0002017"},{"id":33,"actor_name":"Al Lettieri","movie_id":3,"character":"Sollozzo","url_character":"http://www.imdb.com/character/ch0395467","url_photo":"http://ia.media-imdb.com/images/M/MV5BMjA0NDI4MzIwMV5BMl5BanBnXkFtZTcwNjgwMDM1NA@@._V1_SX32_CR0,0,32,44_AL_.jpg","url_profile":"http://www.imdb.com/name/nm0504803"},{"id":34,"actor_name":"Diane Keaton","movie_id":3,"character":"Kay Adams","url_character":"http://www.imdb.com/character/ch0000793","url_photo":"http://ia.media-imdb.com/images/M/MV5BNjU5NjMwOTk2NV5BMl5BanBnXkFtZTYwODg1NzY0._V1_SX32_CR0,0,32,44_AL_.jpg","url_profile":"http://www.imdb.com/name/nm0000473"},{"id":35,"actor_name":"Abe Vigoda","movie_id":3,"character":"Tessio","url_character":"http://www.imdb.com/character/ch0000806","url_photo":"http://ia.media-imdb.com/images/M/MV5BMjE1MDk5NzMyN15BMl5BanBnXkFtZTYwMjA4Mjg1._V1_SY44_CR0,0,32,44_AL_.jpg","url_profile":"http://www.imdb.com/name/nm0001820"},{"id":36,"actor_name":"Talia Shire","movie_id":3,"character":"Connie","url_character":"http://www.imdb.com/character/ch0440490","url_photo":"http://ia.media-imdb.com/images/M/MV5BMTkwMzc0NjQzNV5BMl5BanBnXkFtZTYwNzM0NTk3._V1_SX32_CR0,0,32,44_AL_.jpg","url_profile":"http://www.imdb.com/name/nm0001735"},{"id":37,"actor_name":"Gianni Russo","movie_id":3,"character":"Carlo","url_character":"http://www.imdb.com/character/ch0463791","url_photo":"http://ia.media-imdb.com/images/M/MV5BNTgyMTgxODM4MV5BMl5BanBnXkFtZTcwNDg5NDYwOA@@._V1_SX32_CR0,0,32,44_AL_.jpg","url_profile":"http://www.imdb.com/name/nm0751625"},{"id":38,"actor_name":"John Cazale","movie_id":3,"character":"Fredo","url_character":"http://www.imdb.com/character/ch0000801","url_photo":"http://ia.media-imdb.com/images/M/MV5BMTUzMTM1MjI5NV5BMl5BanBnXkFtZTcwMTM5NTM1Mw@@._V1_SX32_CR0,0,32,44_AL_.jpg","url_profile":"http://www.imdb.com/name/nm0001030"}]
    }
]
